"id";"NM_MUNICIP";"mediana"
"3100104";"ABADIA DOS DOURADOS";1177
"3100203";"ABAETÉ";1088,32
"3100302";"ABRE CAMPO";1017,03
"3100401";"ACAIACA";1073,8
"3100500";"AÇUCENA";1014,17
"3100609";"ÁGUA BOA";949
"3100708";"ÁGUA COMPRIDA";1503,51
"3100807";"AGUANIL";1011,47
"3100906";"ÁGUAS FORMOSAS";1018,695
"3101003";"ÁGUAS VERMELHAS";986,5
"3101102";"AIMORÉS";1103,2
"3101201";"AIURUOCA";1115,24
"3101300";"ALAGOA";1106,67
"3101409";"ALBERTINA";1271,21
"3101508";"ALÉM PARAÍBA";1070,26
"3101607";"ALFENAS";1300
"3101631";"ALFREDO VASCONCELOS";1036,8
"3101706";"ALMENARA";1014
"3101805";"ALPERCATA";1071,975
"3101904";"ALPINÓPOLIS";1170,37
"3102001";"ALTEROSA";1033,99
"3102050";"ALTO CAPARAÓ";1118,96
"3102100";"ALTO RIO DOCE";1030,9
"3102209";"ALVARENGA";860,64
"3102308";"ALVINÓPOLIS";1081,19
"3102407";"ALVORADA DE MINAS";1126,16
"3102506";"AMPARO DO SERRA";1033,64
"3102605";"ANDRADAS";1176,59
"3102704";"CACHOEIRA DE PAJEÚ";1000
"3102803";"ANDRELÂNDIA";1044,74
"3102852";"ANGELÂNDIA";1103,2
"3102902";"ANTÔNIO CARLOS";1103,2
"3103009";"ANTÔNIO DIAS";1157,475
"3103108";"ANTÔNIO PRADO DE MINAS";1182,855
"3103207";"ARAÇAÍ";1094,78
"3103306";"ARACITABA";1103,2
"3103405";"ARAÇUAÍ";945,6
"3103504";"ARAGUARI";1283,565
"3103603";"ARANTINA";1024,4
"3103702";"ARAPONGA";1020,17
"3103751";"ARAPORÃ";1576
"3103801";"ARAPUÁ";1341,26
"3103900";"ARAÚJOS";1087,23
"3104007";"ARAXÁ";1427,44
"3104106";"ARCEBURGO";1282,535
"3104205";"ARCOS";1370,75
"3104304";"AREADO";1108,78
"3104403";"ARGIRITA";906,13
"3104452";"ARICANDUVA";1115,4
"3104502";"ARINOS";1024,4
"3104601";"ASTOLFO DUTRA";945,6
"3104700";"ATALÉIA";1043,94
"3104809";"AUGUSTO DE LIMA";1006,27
"3104908";"BAEPENDI";1037,09
"3105004";"BALDIM";1069,2
"3105103";"BAMBUÍ";1294
"3105202";"BANDEIRA";1014
"3105301";"BANDEIRA DO SUL";935,32
"3105400";"BARÃO DE COCAIS";1200
"3105509";"BARÃO DE MONTE ALTO";973,9
"3105608";"BARBACENA";1066,75
"3105707";"BARRA LONGA";973,1
"3105905";"BARROSO";1170,07
"3106002";"BELA VISTA DE MINAS";1223,77
"3106101";"BELMIRO BRAGA";933,1
"3106200";"BELO HORIZONTE";1664,14
"3106309";"BELO ORIENTE";1428,85
"3106408";"BELO VALE";1300
"3106507";"BERILO";1103,2
"3106606";"BERTÓPOLIS";1024,4
"3106655";"BERIZAL";906,2
"3106705";"BETIM";1866,67
"3106804";"BIAS FORTES";1061,87
"3106903";"BICAS";964
"3107000";"BIQUINHAS";1094,58
"3107109";"BOA ESPERANÇA";1062,4
"3107208";"BOCAINA DE MINAS";946,97
"3107307";"BOCAIÚVA";1050,67
"3107406";"BOM DESPACHO";1182
"3107505";"BOM JARDIM DE MINAS";945,6
"3107604";"BOM JESUS DA PENHA";1268
"3107703";"BOM JESUS DO AMPARO";998,63
"3107802";"BOM JESUS DO GALHO";832
"3107901";"BOM REPOUSO";984,58
"3108008";"BOM SUCESSO";1024,4
"3108107";"BONFIM";1005,135
"3108206";"BONFINÓPOLIS DE MINAS";1250
"3108255";"BONITO DE MINAS";1040,75
"3108305";"BORDA DA MATA";1110,74
"3108404";"BOTELHOS";993,82
"3108503";"BOTUMIRIM";1007
"3108552";"BRASILÂNDIA DE MINAS";1182
"3108602";"BRASÍLIA DE MINAS";1024,4
"3108701";"BRÁS PIRES";945,6
"3108800";"BRAÚNAS";1363,99
"3108909";"BRAZÓPOLIS";1092,2
"3109006";"BRUMADINHO";1393,425
"3109105";"BUENO BRANDÃO";1184,38
"3109204";"BUENÓPOLIS";946,585
"3109253";"BUGRE";938
"3109303";"BURITIS";1389,98
"3109402";"BURITIZEIRO";1191,29
"3109451";"CABECEIRA GRANDE";1286,24
"3109501";"CABO VERDE";1024,54
"3109600";"CACHOEIRA DA PRATA";1011,15
"3109709";"CACHOEIRA DE MINAS";1185,66
"3109808";"CACHOEIRA DOURADA";1360,5
"3109907";"CAETANÓPOLIS";1082,91
"3110004";"CAETÉ";1116,41
"3110103";"CAIANA";1164,27
"3110202";"CAJURI";1136,825
"3110301";"CALDAS";1178,885
"3110400";"CAMACHO";1339,6
"3110509";"CAMANDUCAIA";1270,92
"3110608";"CAMBUÍ";1163,58
"3110707";"CAMBUQUIRA";968
"3110806";"CAMPANÁRIO";1069,6
"3110905";"CAMPANHA";1040
"3111002";"CAMPESTRE";975,06
"3111101";"CAMPINA VERDE";1185,44
"3111150";"CAMPO AZUL";914,225
"3111200";"CAMPO BELO";1048,345
"3111309";"CAMPO DO MEIO";1048,04
"3111408";"CAMPO FLORIDO";1495,85
"3111507";"CAMPOS ALTOS";1182
"3111606";"CAMPOS GERAIS";851,04
"3111705";"CANAÃ";925,1
"3111804";"CANÁPOLIS";1024,8
"3111903";"CANA VERDE";945,6
"3112000";"CANDEIAS";1070,17
"3112059";"CANTAGALO";1024,4
"3112109";"CAPARAÓ";1155,73
"3112208";"CAPELA NOVA";1031,35
"3112307";"CAPELINHA";1103,2
"3112406";"CAPETINGA";1028,6
"3112505";"CAPIM BRANCO";1019,39
"3112604";"CAPINÓPOLIS";1182
"3112653";"CAPITÃO ANDRADE";1014
"3112703";"CAPITÃO ENÉAS";1182
"3112802";"CAPITÓLIO";1200
"3112901";"CAPUTIRA";866,8
"3113008";"CARAÍ";1063,8
"3113107";"CARANAÍBA";1186,22
"3113206";"CARANDAÍ";1114,24
"3113305";"CARANGOLA";1065,05
"3113404";"CARATINGA";1020
"3113503";"CARBONITA";1000
"3113602";"CAREAÇU";1086,72
"3113701";"CARLOS CHAGAS";1008,64
"3113800";"CARMÉSIA";1163,83
"3113909";"CARMO DA CACHOEIRA";938,4
"3114006";"CARMO DA MATA";1182
"3114105";"CARMO DE MINAS";980
"3114204";"CARMO DO CAJURU";1369,385
"3114303";"CARMO DO PARANAÍBA";1254,53
"3114402";"CARMO DO RIO CLARO";1076,94
"3114501";"CARMÓPOLIS DE MINAS";1115,97
"3114550";"CARNEIRINHO";1524,92
"3114600";"CARRANCAS";1075,96
"3114709";"CARVALHÓPOLIS";1166,14
"3114808";"CARVALHOS";1063,8
"3114907";"CASA GRANDE";1121,88
"3115003";"CASCALHO RICO";1079,78
"3115102";"CÁSSIA";1182
"3115201";"CONCEIÇÃO DA BARRA DE MINAS";1095,28
"3115300";"CATAGUASES";1182
"3115359";"CATAS ALTAS";1295,8
"3115409";"CATAS ALTAS DA NORUEGA";947
"3115458";"CATUJI";867,365
"3115474";"CATUTI";1016,52
"3115508";"CAXAMBU";1070
"3115607";"CEDRO DO ABAETÉ";1166,145
"3115706";"CENTRAL DE MINAS";945,6
"3115805";"CENTRALINA";1182
"3115904";"CHÁCARA";986,64
"3116001";"CHALÉ";1045,56
"3116100";"CHAPADA DO NORTE";1211,84
"3116159";"CHAPADA GAÚCHA";1300
"3116209";"CHIADOR";930,455
"3116308";"CIPOTÂNEA";1081,6
"3116407";"CLARAVAL";1168,405
"3116506";"CLARO DOS POÇÕES";984
"3116605";"CLÁUDIO";1182,65
"3116704";"COIMBRA";1091,39
"3116803";"COLUNA";945,6
"3116902";"COMENDADOR GOMES";1499,33
"3117009";"COMERCINHO";1251,25
"3117108";"CONCEIÇÃO DA APARECIDA";1037,63
"3117207";"CONCEIÇÃO DAS PEDRAS";1182
"3117306";"CONCEIÇÃO DAS ALAGOAS";1820,84
"3117405";"CONCEIÇÃO DE IPANEMA";1126,71
"3117504";"CONCEIÇÃO DO MATO DENTRO";2352,66
"3117603";"CONCEIÇÃO DO PARÁ";1802,35
"3117702";"CONCEIÇÃO DO RIO VERDE";938,08
"3117801";"CONCEIÇÃO DOS OUROS";1059,18
"3117836";"CÔNEGO MARINHO";1024,4
"3117876";"CONFINS";1770,64
"3117900";"CONGONHAL";1182,17
"3118007";"CONGONHAS";1694,8
"3118106";"CONGONHAS DO NORTE";955,96
"3118205";"CONQUISTA";1576
"3118304";"CONSELHEIRO LAFAIETE";1124,2
"3118403";"CONSELHEIRO PENA";1103,2
"3118502";"CONSOLAÇÃO";1197,73
"3118601";"CONTAGEM";1449,08
"3118700";"COQUEIRAL";882,93
"3118809";"CORAÇÃO DE JESUS";831
"3118908";"CORDISBURGO";1073,7
"3119005";"CORDISLÂNDIA";1050,67
"3119104";"CORINTO";945,6
"3119203";"COROACI";1085,02
"3119302";"COROMANDEL";1192,65
"3119401";"CORONEL FABRICIANO";1124,36
"3119500";"CORONEL MURTA";1115,4
"3119609";"CORONEL PACHECO";1076,09
"3119708";"CORONEL XAVIER CHAVES";1034,96
"3119807";"CÓRREGO DANTA";1209,31
"3119906";"CÓRREGO DO BOM JESUS";1325,02
"3119955";"CÓRREGO FUNDO";1391,07
"3120003";"CÓRREGO NOVO";951,72
"3120102";"COUTO DE MAGALHÃES DE MINAS";1014
"3120151";"CRISÓLITA";1108,7
"3120201";"CRISTAIS";926,84
"3120300";"CRISTÁLIA";1073,07
"3120409";"CRISTIANO OTONI";1105,46
"3120508";"CRISTINA";1105,04
"3120607";"CRUCILÂNDIA";1029,17
"3120706";"CRUZEIRO DA FORTALEZA";1231,33
"3120805";"CRUZÍLIA";1080,51
"3120839";"CUPARAQUE";945,6
"3120870";"CURRAL DE DENTRO";961,36
"3120904";"CURVELO";1089,98
"3121001";"DATAS";1119,02
"3121100";"DELFIM MOREIRA";1030,075
"3121209";"DELFINÓPOLIS";1256,09
"3121258";"DELTA";2228,625
"3121308";"DESCOBERTO";900
"3121407";"DESTERRO DE ENTRE RIOS";1106
"3121506";"DESTERRO DO MELO";1087,01
"3121605";"DIAMANTINA";1165
"3121704";"DIOGO DE VASCONCELOS";1155,16
"3121803";"DIONÍSIO";866,8
"3121902";"DIVINÉSIA";943,63
"3122009";"DIVINO";957
"3122108";"DIVINO DAS LARANJEIRAS";1024,4
"3122207";"DIVINOLÂNDIA DE MINAS";942,23
"3122306";"DIVINÓPOLIS";1327,1
"3122355";"DIVISA ALEGRE";1200,975
"3122405";"DIVISA NOVA";1018,97
"3122454";"DIVISÓPOLIS";1088,86
"3122470";"DOM BOSCO";1190,11
"3122504";"DOM CAVATI";1000
"3122603";"DOM JOAQUIM";1087,46
"3122702";"DOM SILVÉRIO";1175,07
"3122801";"DOM VIÇOSO";1005,815
"3122900";"DONA EUSÉBIA";831
"3123007";"DORES DE CAMPOS";1000
"3123106";"DORES DE GUANHÃES";1170
"3123205";"DORES DO INDAIÁ";1014
"3123304";"DORES DO TURVO";950
"3123403";"DORESÓPOLIS";1925
"3123502";"DOURADOQUARA";1156,085
"3123528";"DURANDÉ";1255,6
"3123601";"ELÓI MENDES";1114,24
"3123700";"ENGENHEIRO CALDAS";977,12
"3123809";"ENGENHEIRO NAVARRO";986,455
"3123858";"ENTRE FOLHAS";1182
"3123908";"ENTRE RIOS DE MINAS";1059,18
"3124005";"ERVÁLIA";870,46
"3124104";"ESMERALDAS";1182
"3124203";"ESPERA FELIZ";1024,48
"3124302";"ESPINOSA";937,72
"3124401";"ESPÍRITO SANTO DO DOURADO";1211,6
"3124500";"ESTIVA";1250,9
"3124609";"ESTRELA DALVA";961,745
"3124708";"ESTRELA DO INDAIÁ";1191,51
"3124807";"ESTRELA DO SUL";1253,08
"3124906";"EUGENÓPOLIS";966,32
"3125002";"EWBANK DA CÂMARA";1088,87
"3125101";"EXTREMA";1482,995
"3125200";"FAMA";1110
"3125309";"FARIA LEMOS";1103,2
"3125408";"FELÍCIO DOS SANTOS";1100
"3125507";"SÃO GONÇALO DO RIO PRETO";1008,64
"3125606";"FELISBURGO";1014
"3125705";"FELIXLÂNDIA";1182,34
"3125804";"FERNANDES TOURINHO";1050,67
"3125903";"FERROS";1084,41
"3125952";"FERVEDOURO";945,6
"3126000";"FLORESTAL";1150,11
"3126109";"FORMIGA";1182
"3126208";"FORMOSO";1062,37
"3126307";"FORTALEZA DE MINAS";1231,975
"3126406";"FORTUNA DE MINAS";1160,78
"3126505";"FRANCISCO BADARÓ";1014
"3126604";"FRANCISCO DUMONT";856,535
"3126703";"FRANCISCO SÁ";945,6
"3126752";"FRANCISCÓPOLIS";1232,16
"3126802";"FREI GASPAR";924,66
"3126901";"FREI INOCÊNCIO";995,2
"3126950";"FREI LAGONEGRO";945,6
"3127008";"FRONTEIRA";1186,1
"3127057";"FRONTEIRA DOS VALES";1091,38
"3127073";"FRUTA DE LEITE";906,2
"3127107";"FRUTAL";1351,9
"3127206";"FUNILÂNDIA";1097,58
"3127305";"GALILÉIA";971,86
"3127339";"GAMELEIRAS";945,6
"3127354";"GLAUCILÂNDIA";1024,4
"3127370";"GOIABEIRA";919,84
"3127388";"GOIANÁ";1129,43
"3127404";"GONÇALVES";1127,53
"3127503";"GONZAGA";1034,64
"3127602";"GOUVEIA";945,6
"3127701";"GOVERNADOR VALADARES";1184,36
"3127800";"GRÃO MOGOL";1076,94
"3127909";"GRUPIARA";895,68
"3128006";"GUANHÃES";1034,42
"3128105";"GUAPÉ";1061,33
"3128204";"GUARACIABA";945,6
"3128253";"GUARACIAMA";850,63
"3128303";"GUARANÉSIA";1179,62
"3128402";"GUARANI";945,6
"3128501";"GUARARÁ";991,125
"3128600";"GUARDA-MOR";1490,5
"3128709";"GUAXUPÉ";1229,83
"3128808";"GUIDOVAL";1044,1
"3128907";"GUIMARÂNIA";1184,04
"3129004";"GUIRICEMA";1015,6
"3129103";"GURINHATÃ";1211,135
"3129202";"HELIODORA";940,1
"3129301";"IAPU";1006,18
"3129400";"IBERTIOGA";945,6
"3129509";"IBIÁ";1303,57
"3129608";"IBIAÍ";850
"3129657";"IBIRACATU";1103,2
"3129707";"IBIRACI";1105,47
"3129806";"IBIRITÉ";1216,325
"3129905";"IBITIÚRA DE MINAS";1200
"3130002";"IBITURUNA";1014
"3130051";"ICARAÍ DE MINAS";1260,8
"3130101";"IGARAPÉ";1162,59
"3130200";"IGARATINGA";1180,08
"3130309";"IGUATAMA";1266
"3130408";"IJACI";1350,345
"3130507";"ILICÍNEA";945,6
"3130556";"IMBÉ DE MINAS";903
"3130606";"INCONFIDENTES";960,22
"3130655";"INDAIABIRA";942,45
"3130705";"INDIANÓPOLIS";1414,14
"3130804";"INGAÍ";1105,46
"3130903";"INHAPIM";967,62
"3131000";"INHAÚMA";1274,1
"3131109";"INIMUTABA";1059,035
"3131158";"IPABA";1049,03
"3131208";"IPANEMA";984,15
"3131307";"IPATINGA";1354,385
"3131406";"IPIAÇU";1219,59
"3131505";"IPUIÚNA";1104,3
"3131604";"IRAÍ DE MINAS";1256,885
"3131703";"ITABIRA";1668,5
"3131802";"ITABIRINHA";906,2
"3131901";"ITABIRITO";1400,89
"3132008";"ITACAMBIRA";1250,09
"3132107";"ITACARAMBI";1060,38
"3132206";"ITAGUARA";1108,03
"3132305";"ITAIPÉ";1182
"3132404";"ITAJUBÁ";1413,1
"3132503";"ITAMARANDIBA";1049,99
"3132602";"ITAMARATI DE MINAS";1051,38
"3132701";"ITAMBACURI";1023,455
"3132800";"ITAMBÉ DO MATO DENTRO";1056,17
"3132909";"ITAMOGI";985,565
"3133006";"ITAMONTE";1254,705
"3133105";"ITANHANDU";1102,54
"3133204";"ITANHOMI";945,6
"3133303";"ITAOBIM";1011,53
"3133402";"ITAPAGIPE";1576,77
"3133501";"ITAPECERICA";1158,395
"3133600";"ITAPEVA";1249,88
"3133709";"ITATIAIUÇU";1793,26
"3133758";"ITAÚ DE MINAS";1400
"3133808";"ITAÚNA";1396,185
"3133907";"ITAVERAVA";1007,08
"3134004";"ITINGA";1186,25
"3134103";"ITUETA";1208,27
"3134202";"ITUIUTABA";1280
"3134301";"ITUMIRIM";1182
"3134400";"ITURAMA";1600
"3134509";"ITUTINGA";969
"3134608";"JABOTICATUBAS";1155,13
"3134707";"JACINTO";960
"3134806";"JACUÍ";1070
"3134905";"JACUTINGA";1144,04
"3135001";"JAGUARAÇU";1224,53
"3135050";"JAÍBA";1026,85
"3135076";"JAMPRUCA";1119,6
"3135100";"JANAÚBA";990
"3135209";"JANUÁRIA";1044,315
"3135308";"JAPARAÍBA";1170
"3135357";"JAPONVAR";836
"3135407";"JECEABA";3674,55
"3135456";"JENIPAPO DE MINAS";1112,46
"3135506";"JEQUERI";1162,36
"3135605";"JEQUITAÍ";1034,14
"3135704";"JEQUITIBÁ";1138,8
"3135803";"JEQUITINHONHA";897,13
"3135902";"JESUÂNIA";945,6
"3136009";"JOAÍMA";945,6
"3136108";"JOANÉSIA";1089
"3136207";"JOÃO MONLEVADE";1261,16
"3136306";"JOÃO PINHEIRO";1284,655
"3136405";"JOAQUIM FELÍCIO";1024,4
"3136504";"JORDÂNIA";934,365
"3136520";"JOSÉ GONÇALVES DE MINAS";1142,495
"3136553";"JOSÉ RAYDAN";1077,89
"3136579";"JOSENÓPOLIS";1155,96
"3136603";"NOVA UNIÃO";1054,23
"3136652";"JUATUBA";1440,87
"3136702";"JUIZ DE FORA";1237,95
"3136801";"JURAMENTO";866,8
"3136900";"JURUAIA";979,51
"3136959";"JUVENÍLIA";906,2
"3137007";"LADAINHA";1055,13
"3137106";"LAGAMAR";1212,45
"3137205";"LAGOA DA PRATA";1293,15
"3137304";"LAGOA DOS PATOS";1103,1
"3137403";"LAGOA DOURADA";1015
"3137502";"LAGOA FORMOSA";1237,52
"3137536";"LAGOA GRANDE";1116,1
"3137601";"LAGOA SANTA";1326,71
"3137700";"LAJINHA";1015,49
"3137809";"LAMBARI";1098,07
"3137908";"LAMIM";1081,14
"3138005";"LARANJAL";1101,91
"3138104";"LASSANCE";987,225
"3138203";"LAVRAS";1275,835
"3138302";"LEANDRO FERREIRA";1182
"3138351";"LEME DO PRADO";1044,42
"3138401";"LEOPOLDINA";1079,94
"3138500";"LIBERDADE";1096,935
"3138609";"LIMA DUARTE";958,345
"3138625";"LIMEIRA DO OESTE";1761,09
"3138658";"LONTRA";827,4
"3138674";"LUISBURGO";1103,2
"3138682";"LUISLÂNDIA";1096,04
"3138708";"LUMINÁRIAS";945,6
"3138807";"LUZ";1190,31
"3138906";"MACHACALIS";1012,58
"3139003";"MACHADO";1212
"3139102";"MADRE DE DEUS DE MINAS";1050,67
"3139201";"MALACACHETA";993,47
"3139250";"MAMONAS";1010,82
"3139300";"MANGA";1024,4
"3139409";"MANHUAÇU";1118,01
"3139508";"MANHUMIRIM";1016,235
"3139607";"MANTENA";1050,67
"3139706";"MARAVILHAS";971,86
"3139805";"MAR DE ESPANHA";831
"3139904";"MARIA DA FÉ";1074,73
"3140001";"MARIANA";1325,99
"3140100";"MARILAC";945,6
"3140159";"MÁRIO CAMPOS";1105,46
"3140209";"MARIPÁ DE MINAS";935
"3140308";"MARLIÉRIA";1100
"3140407";"MARMELÓPOLIS";945,6
"3140506";"MARTINHO CAMPOS";1265
"3140530";"MARTINS SOARES";1103,2
"3140555";"MATA VERDE";898,32
"3140605";"MATERLÂNDIA";1155
"3140704";"MATEUS LEME";1236,425
"3140803";"MATIAS BARBOSA";1210,41
"3140852";"MATIAS CARDOSO";916,92
"3140902";"MATIPÓ";928,89
"3141009";"MATO VERDE";889,2
"3141108";"MATOZINHOS";1354
"3141207";"MATUTINA";1285,9
"3141306";"MEDEIROS";1108,555
"3141405";"MEDINA";1087,61
"3141504";"MENDES PIMENTEL";915,68
"3141603";"MERCÊS";945,6
"3141702";"MESQUITA";1014
"3141801";"MINAS NOVAS";925,75
"3141900";"MINDURI";945,6
"3142007";"MIRABELA";1078,69
"3142106";"MIRADOURO";1068,885
"3142205";"MIRAÍ";1024,4
"3142254";"MIRAVÂNIA";1024,4
"3142304";"MOEDA";1056,81
"3142403";"MOEMA";1115,245
"3142502";"MONJOLOS";1105,46
"3142601";"MONSENHOR PAULO";1338,115
"3142700";"MONTALVÂNIA";866,8
"3142809";"MONTE ALEGRE DE MINAS";1218
"3142908";"MONTE AZUL";1064,515
"3143005";"MONTE BELO";1287,38
"3143104";"MONTE CARMELO";1162,41
"3143153";"MONTE FORMOSO";1173,33
"3143203";"MONTE SANTO DE MINAS";1001,31
"3143302";"MONTES CLAROS";1168,87
"3143401";"MONTE SIÃO";1170,045
"3143450";"MONTEZUMA";906,2
"3143500";"MORADA NOVA DE MINAS";1317,325
"3143609";"MORRO DA GARÇA";1062,51
"3143708";"MORRO DO PILAR";1128
"3143807";"MUNHOZ";1059,2
"3143906";"MURIAÉ";1111,19
"3144003";"MUTUM";1042,34
"3144102";"MUZAMBINHO";1085,2
"3144201";"NACIP RAYDAN";1103,2
"3144300";"NANUQUE";1083,5
"3144359";"NAQUE";1012,84
"3144375";"NATALÂNDIA";1178,025
"3144409";"NATÉRCIA";1050,67
"3144508";"NAZARENO";1140,19
"3144607";"NEPOMUCENO";972
"3144656";"NINHEIRA";1103,2
"3144672";"NOVA BELÉM";969,14
"3144706";"NOVA ERA";1119,88
"3144805";"NOVA LIMA";1927,47
"3144904";"NOVA MÓDICA";1014
"3145000";"NOVA PONTE";1200
"3145059";"NOVA PORTEIRINHA";847,95
"3145109";"NOVA RESENDE";1159,65
"3145208";"NOVA SERRANA";1266,74
"3145307";"NOVO CRUZEIRO";1014,16
"3145356";"NOVO ORIENTE DE MINAS";1219,95
"3145372";"NOVORIZONTE";1024,4
"3145406";"OLARIA";1063,8
"3145455";"OLHOS-D'ÁGUA";1027,755
"3145505";"OLÍMPIO NORONHA";910,84
"3145604";"OLIVEIRA";1072,81
"3145703";"OLIVEIRA FORTES";1175,195
"3145802";"ONÇA DE PITANGUI";1366,56
"3145851";"ORATÓRIOS";1195,62
"3145877";"ORIZÂNIA";1131,03
"3145901";"OURO BRANCO";1971,02
"3146008";"OURO FINO";1167,04
"3146107";"OURO PRETO";1594
"3146206";"OURO VERDE DE MINAS";1050,67
"3146255";"PADRE CARVALHO";1050,67
"3146305";"PADRE PARAÍSO";1006,48
"3146404";"PAINEIRAS";1182
"3146503";"PAINS";1304,85
"3146552";"PAI PEDRO";1103,2
"3146602";"PAIVA";1115,4
"3146701";"PALMA";861,4
"3146750";"PALMÓPOLIS";1044
"3146909";"PAPAGAIOS";1076,09
"3147006";"PARACATU";1448,21
"3147105";"PARÁ DE MINAS";1244,04
"3147204";"PARAGUAÇU";1039,24
"3147303";"PARAISÓPOLIS";1410,76
"3147402";"PARAOPEBA";1097,52
"3147501";"PASSABÉM";1050,67
"3147600";"PASSA QUATRO";1114,24
"3147709";"PASSA TEMPO";1050,67
"3147808";"PASSA-VINTE";1256,59
"3147907";"PASSOS";1268,07
"3147956";"PATIS";1055,585
"3148004";"PATOS DE MINAS";1322,93
"3148103";"PATROCÍNIO";1263,57
"3148202";"PATROCÍNIO DO MURIAÉ";1151,46
"3148301";"PAULA CÂNDIDO";987,76
"3148400";"PAULISTAS";1024,4
"3148509";"PAVÃO";1014,92
"3148608";"PEÇANHA";1024,4
"3148707";"PEDRA AZUL";1059,2
"3148756";"PEDRA BONITA";1050
"3148806";"PEDRA DO ANTA";1063,8
"3148905";"PEDRA DO INDAIÁ";1170
"3149002";"PEDRA DOURADA";1080,69
"3149101";"PEDRALVA";1014
"3149150";"PEDRAS DE MARIA DA CRUZ";969,14
"3149200";"PEDRINÓPOLIS";1379
"3149309";"PEDRO LEOPOLDO";1343,13
"3149408";"PEDRO TEIXEIRA";1138,3
"3149507";"PEQUERI";1067,45
"3149606";"PEQUI";1130,3
"3149705";"PERDIGÃO";1413,34
"3149804";"PERDIZES";1403,785
"3149903";"PERDÕES";1059,425
"3149952";"PERIQUITO";988
"3150000";"PESCADOR";1050,695
"3150109";"PIAU";985
"3150158";"PIEDADE DE CARATINGA";1024,08
"3150208";"PIEDADE DE PONTE NOVA";1195
"3150307";"PIEDADE DO RIO GRANDE";907,8
"3150406";"PIEDADE DOS GERAIS";1151,645
"3150505";"PIMENTA";1160,825
"3150539";"PINGO-D'ÁGUA";945,6
"3150570";"PINTÓPOLIS";1072,6
"3150604";"PIRACEMA";995,08
"3150703";"PIRAJUBA";2128,35
"3150802";"PIRANGA";997,18
"3150901";"PIRANGUÇU";1045,7
"3151008";"PIRANGUINHO";1000
"3151107";"PIRAPETINGA";1164,66
"3151206";"PIRAPORA";1131,61
"3151305";"PIRAÚBA";1043,28
"3151404";"PITANGUI";1122,945
"3151503";"PIUMHI";1084,52
"3151602";"PLANURA";1171,6
"3151701";"POÇO FUNDO";1053,54
"3151800";"POÇOS DE CALDAS";1329,11
"3151909";"POCRANE";1036,43
"3152006";"POMPÉU";1182
"3152105";"PONTE NOVA";1124,2
"3152131";"PONTO CHIQUE";992,4
"3152170";"PONTO DOS VOLANTES";985
"3152204";"PORTEIRINHA";985,36
"3152303";"PORTO FIRME";927,095
"3152402";"POTÉ";1089,67
"3152501";"POUSO ALEGRE";1422,41
"3152600";"POUSO ALTO";1158,31
"3152709";"PRADOS";965,87
"3152808";"PRATA";1384,15
"3152907";"PRATÁPOLIS";1139,51
"3153004";"PRATINHA";1350,53
"3153103";"PRESIDENTE BERNARDES";860,67
"3153202";"PRESIDENTE JUSCELINO";1027,6
"3153301";"PRESIDENTE KUBITSCHEK";866,8
"3153400";"PRESIDENTE OLEGÁRIO";1308,58
"3153509";"ALTO JEQUITIBÁ";1134,72
"3153608";"PRUDENTE DE MORAIS";1189,34
"3153707";"QUARTEL GERAL";1047,28
"3153806";"QUELUZITO";1113,73
"3153905";"RAPOSOS";1126,34
"3154002";"RAUL SOARES";1050,665
"3154101";"RECREIO";987,6
"3154150";"REDUTO";1144,55
"3154200";"RESENDE COSTA";994,845
"3154309";"RESPLENDOR";1114,24
"3154408";"RESSAQUINHA";1225,66
"3154457";"RIACHINHO";1208,27
"3154507";"RIACHO DOS MACHADOS";1328,94
"3154606";"RIBEIRÃO DAS NEVES";1200
"3154705";"RIBEIRÃO VERMELHO";1108,405
"3154804";"RIO ACIMA";1460,12
"3154903";"RIO CASCA";996,825
"3155009";"RIO DOCE";1000
"3155108";"RIO DO PRADO";945,6
"3155207";"RIO ESPERA";985,2
"3155306";"RIO MANSO";1179,73
"3155405";"RIO NOVO";945,67
"3155504";"RIO PARANAÍBA";1488,6
"3155603";"RIO PARDO DE MINAS";1119,1
"3155702";"RIO PIRACICABA";1162,025
"3155801";"RIO POMBA";1070,22
"3155900";"RIO PRETO";866,8
"3156007";"RIO VERMELHO";866,8
"3156106";"RITÁPOLIS";1073,33
"3156205";"ROCHEDO DE MINAS";1022,07
"3156304";"RODEIRO";1375,44
"3156403";"ROMARIA";1215
"3156452";"ROSÁRIO DA LIMEIRA";945,6
"3156502";"RUBELITA";951,5
"3156601";"RUBIM";982,8
"3156700";"SABARÁ";1367,15
"3156809";"SABINÓPOLIS";950
"3156908";"SACRAMENTO";1228
"3157005";"SALINAS";1014
"3157104";"SALTO DA DIVISA";1080
"3157203";"SANTA BÁRBARA";1300,86
"3157252";"SANTA BÁRBARA DO LESTE";1006,89
"3157278";"SANTA BÁRBARA DO MONTE VERDE";945,6
"3157302";"SANTA BÁRBARA DO TUGÚRIO";993
"3157336";"SANTA CRUZ DE MINAS";1078,82
"3157377";"SANTA CRUZ DE SALINAS";985
"3157401";"SANTA CRUZ DO ESCALVADO";1085,81
"3157500";"SANTA EFIGÊNIA DE MINAS";990
"3157609";"SANTA FÉ DE MINAS";831
"3157658";"SANTA HELENA DE MINAS";1066,8
"3157708";"SANTA JULIANA";1664,65
"3157807";"SANTA LUZIA";1306,9
"3157906";"SANTA MARGARIDA";1024,4
"3158003";"SANTA MARIA DE ITABIRA";967,6
"3158102";"SANTA MARIA DO SALTO";1107,6
"3158201";"SANTA MARIA DO SUAÇUÍ";788
"3158300";"SANTANA DA VARGEM";979,38
"3158409";"SANTANA DE CATAGUASES";1089,73
"3158508";"SANTANA DE PIRAPAMA";1034,32
"3158607";"SANTANA DO DESERTO";1037,54
"3158706";"SANTANA DO GARAMBÉU";1110,82
"3158805";"SANTANA DO JACARÉ";936,14
"3158904";"SANTANA DO MANHUAÇU";1024,4
"3158953";"SANTANA DO PARAÍSO";1255,6
"3159001";"SANTANA DO RIACHO";1133,33
"3159100";"SANTANA DOS MONTES";1003,84
"3159209";"SANTA RITA DE CALDAS";1150,72
"3159308";"SANTA RITA DE JACUTINGA";986,58
"3159357";"SANTA RITA DE MINAS";945,6
"3159407";"SANTA RITA DE IBITIPOCA";1012,49
"3159506";"SANTA RITA DO ITUETO";1014
"3159605";"SANTA RITA DO SAPUCAÍ";1272,29
"3159704";"SANTA ROSA DA SERRA";1182
"3159803";"SANTA VITÓRIA";1763,53
"3159902";"SANTO ANTÔNIO DO AMPARO";1043,95
"3160009";"SANTO ANTÔNIO DO AVENTUREIRO";1103,2
"3160108";"SANTO ANTÔNIO DO GRAMA";1025,485
"3160207";"SANTO ANTÔNIO DO ITAMBÉ";1000
"3160306";"SANTO ANTÔNIO DO JACINTO";945,6
"3160405";"SANTO ANTÔNIO DO MONTE";1150
"3160454";"SANTO ANTÔNIO DO RETIRO";1149
"3160504";"SANTO ANTÔNIO DO RIO ABAIXO";1190,84
"3160603";"SANTO HIPÓLITO";1103,2
"3160702";"SANTOS DUMONT";1064,85
"3160801";"SÃO BENTO ABADE";1136,33
"3160900";"SÃO BRÁS DO SUAÇUÍ";1182
"3160959";"SÃO DOMINGOS DAS DORES";1063,435
"3161007";"SÃO DOMINGOS DO PRATA";1050,335
"3161056";"SÃO FÉLIX DE MINAS";832
"3161106";"SÃO FRANCISCO";937,13
"3161205";"SÃO FRANCISCO DE PAULA";1120,43
"3161304";"SÃO FRANCISCO DE SALES";1182,03
"3161403";"SÃO FRANCISCO DO GLÓRIA";1105,46
"3161502";"SÃO GERALDO";1182
"3161601";"SÃO GERALDO DA PIEDADE";1103,2
"3161650";"SÃO GERALDO DO BAIXIO";939
"3161700";"SÃO GONÇALO DO ABAETÉ";1182
"3161809";"SÃO GONÇALO DO PARÁ";1110,635
"3161908";"SÃO GONÇALO DO RIO ABAIXO";1430,22
"3162005";"SÃO GONÇALO DO SAPUCAÍ";1093,43
"3162104";"SÃO GOTARDO";1448
"3162203";"SÃO JOÃO BATISTA DO GLÓRIA";1174,11
"3162252";"SÃO JOÃO DA LAGOA";945,6
"3162302";"SÃO JOÃO DA MATA";1093,72
"3162401";"SÃO JOÃO DA PONTE";1074,74
"3162450";"SÃO JOÃO DAS MISSÕES";1039,5
"3162500";"SÃO JOÃO DEL REI";1152,39
"3162559";"SÃO JOÃO DO MANHUAÇU";969,24
"3162575";"SÃO JOÃO DO MANTENINHA";963,01
"3162609";"SÃO JOÃO DO ORIENTE";1120
"3162658";"SÃO JOÃO DO PACUÍ";945,6
"3162708";"SÃO JOÃO DO PARAÍSO";857,84
"3162807";"SÃO JOÃO EVANGELISTA";945,6
"3162906";"SÃO JOÃO NEPOMUCENO";974,4
"3162922";"SÃO JOAQUIM DE BICAS";1363,55
"3162948";"SÃO JOSÉ DA BARRA";1377,135
"3162955";"SÃO JOSÉ DA LAPA";1405,25
"3163003";"SÃO JOSÉ DA SAFIRA";1024,4
"3163102";"SÃO JOSÉ DA VARGINHA";1169,8
"3163201";"SÃO JOSÉ DO ALEGRE";1200
"3163300";"SÃO JOSÉ DO DIVINO";1116,33
"3163409";"SÃO JOSÉ DO GOIABAL";1017,98
"3163508";"SÃO JOSÉ DO JACURI";1018,2
"3163607";"SÃO JOSÉ DO MANTIMENTO";985
"3163706";"SÃO LOURENÇO";1105,46
"3163805";"SÃO MIGUEL DO ANTA";955,45
"3163904";"SÃO PEDRO DA UNIÃO";1076,94
"3164001";"SÃO PEDRO DOS FERROS";952,81
"3164100";"SÃO PEDRO DO SUAÇUÍ";1063,8
"3164209";"SÃO ROMÃO";1200
"3164308";"SÃO ROQUE DE MINAS";1182
"3164407";"SÃO SEBASTIÃO DA BELA VISTA";1103,08
"3164431";"SÃO SEBASTIÃO DA VARGEM ALEGRE";1093,72
"3164472";"SÃO SEBASTIÃO DO ANTA";1063,8
"3164506";"SÃO SEBASTIÃO DO MARANHÃO";875,84
"3164605";"SÃO SEBASTIÃO DO OESTE";1392,41
"3164704";"SÃO SEBASTIÃO DO PARAÍSO";1155,6
"3164803";"SÃO SEBASTIÃO DO RIO PRETO";1031,215
"3164902";"SÃO SEBASTIÃO DO RIO VERDE";1142
"3165008";"SÃO TIAGO";912,325
"3165107";"SÃO TOMÁS DE AQUINO";1159,7
"3165206";"SÃO THOMÉ DAS LETRAS";1230
"3165305";"SÃO VICENTE DE MINAS";1014
"3165404";"SAPUCAÍ-MIRIM";1070,155
"3165503";"SARDOÁ";933
"3165537";"SARZEDO";1548,14
"3165552";"SETUBINHA";866,8
"3165560";"SEM-PEIXE";1047,51
"3165578";"SENADOR AMARAL";1064,7
"3165602";"SENADOR CORTES";856
"3165701";"SENADOR FIRMINO";936
"3165800";"SENADOR JOSÉ BENTO";1080,705
"3165909";"SENADOR MODESTINO GONÇALVES";978,425
"3166006";"SENHORA DE OLIVEIRA";981,13
"3166105";"SENHORA DO PORTO";1003,83
"3166204";"SENHORA DOS REMÉDIOS";935,07
"3166303";"SERICITA";866,8
"3166402";"SERITINGA";1151,38
"3166501";"SERRA AZUL DE MINAS";957,675
"3166600";"SERRA DA SAUDADE";870
"3166709";"SERRA DOS AIMORÉS";1182
"3166808";"SERRA DO SALITRE";1364,88
"3166907";"SERRANIA";1017,79
"3166956";"SERRANÓPOLIS DE MINAS";1048,28
"3167004";"SERRANOS";1191,72
"3167103";"SERRO";945,6
"3167202";"SETE LAGOAS";1260,8
"3167301";"SILVEIRÂNIA";1182
"3167400";"SILVIANÓPOLIS";1178,77
"3167509";"SIMÃO PEREIRA";1182
"3167608";"SIMONÉSIA";1014
"3167707";"SOBRÁLIA";1103,64
"3167806";"SOLEDADE DE MINAS";1080,675
"3167905";"TABULEIRO";1014
"3168002";"TAIOBEIRAS";945,6
"3168051";"TAPARUBA";906,2
"3168101";"TAPIRA";2274
"3168200";"TAPIRAÍ";1295,405
"3168309";"TAQUARAÇU DE MINAS";1206,59
"3168408";"TARUMIRIM";940
"3168507";"TEIXEIRAS";980,5
"3168606";"TEÓFILO OTONI";1037,6
"3168705";"TIMÓTEO";1296,08
"3168804";"TIRADENTES";1024,4
"3168903";"TIROS";1495
"3169000";"TOCANTINS";1135,7
"3169059";"TOCOS DO MOJI";1099,81
"3169109";"TOLEDO";1011,68
"3169208";"TOMBOS";945,6
"3169307";"TRÊS CORAÇÕES";1233,82
"3169356";"TRÊS MARIAS";1225,66
"3169406";"TRÊS PONTAS";1053,76
"3169505";"TUMIRITINGA";1052,615
"3169604";"TUPACIGUARA";1330,28
"3169703";"TURMALINA";1163,73
"3169802";"TURVOLÂNDIA";1115,4
"3169901";"UBÁ";1219,06
"3170008";"UBAÍ";1076,94
"3170057";"UBAPORANGA";1024,4
"3170107";"UBERABA";1413,53
"3170206";"UBERLÂNDIA";1474,12
"3170305";"UMBURATIBA";1058,335
"3170404";"UNAÍ";1281,64
"3170438";"UNIÃO DE MINAS";1299
"3170479";"URUANA DE MINAS";1183,12
"3170503";"URUCÂNIA";1228,13
"3170529";"URUCUIA";1014
"3170578";"VARGEM ALEGRE";1105,46
"3170602";"VARGEM BONITA";1185,2
"3170651";"VARGEM GRANDE DO RIO PARDO";956,36
"3170701";"VARGINHA";1287,26
"3170750";"VARJÃO DE MINAS";1321,18
"3170800";"VÁRZEA DA PALMA";1182
"3170909";"VARZELÂNDIA";1142,275
"3171006";"VAZANTE";1395
"3171030";"VERDELÂNDIA";954,03
"3171071";"VEREDINHA";892,5
"3171105";"VERÍSSIMO";1266,09
"3171154";"VERMELHO NOVO";1290,56
"3171204";"VESPASIANO";1457,07
"3171303";"VIÇOSA";1222,415
"3171402";"VIEIRAS";1024,4
"3171501";"MATHIAS LOBATO";1400
"3171600";"VIRGEM DA LAPA";1166,67
"3171709";"VIRGÍNIA";1050,68
"3171808";"VIRGINÓPOLIS";1004,59
"3171907";"VIRGOLÂNDIA";1024,4
"3172004";"VISCONDE DO RIO BRANCO";1089,17
"3172103";"VOLTA GRANDE";915,46
"3172202";"WENCESLAU BRAZ";1100
